match_id,player,player_deaths_per_min,player_assists_per_min,player_tower_damage,player_xp_per_min,player_gold_per_min,player_kills_per_min,player_roshans_killed,player_obs_placed,opponent,opponent_deaths_per_min,opponent_assists_per_min,opponent_tower_damage,opponent_xp_per_min,opponent_gold_per_min,opponent_kills_per_min,opponent_roshans_killed,opponent_obs_placed,winner,player_tower_damage_per_min,opponent_tower_damage_per_min,player_hero_damage_per_min,opponent_hero_damage_per_min,player_last_hits_per_min,opponent_last_hits_per_min
6880924214,153110997,0.335188443000956,0.1873330852282548,0,503.15,385.55,0.1225892123800608,0,0,1121170451,0.1840229300206211,0.3125080873566064,0,672.55,506.55,0.2526889125202226,0,0,1121170451,87.48730059800756,134.9990548354254,523.412498687559,682.0434276125977,3.770176657973093,5.146437043971984
6880924314,118839691,0.2009991357154502,0.3646902291589072,0,561.55,419.95,0.1738898676744375,0,0,437601765,0.2014988551438405,0.4108980233636556,0,430.3684210526316,295.57894736842104,0.0884342030224343,0,0,437601765,29.82054427431508,32.06074080030618,567.5666683392728,332.4531049901421,3.286680405642227,1.4329013077879762
6880924403,124272893,0.1959321463076966,0.4363851635669683,0,1261.55,917.3,0.3387710655146097,0,0,233422854,0.2397289607251098,0.4728454033110864,0,980.4,718.7,0.2427747524102416,0,0,233422854,36.54808153658091,42.61694646282636,849.9690503066324,757.2113621769058,4.128932292236894,3.4750977566547725
6880924409,147428574,0.2850123795087745,0.4837844859473337,0,1062.9473684210527,836.9473684210526,0.2810192549690704,0,0,292686154,0.2394591385875256,0.4460298855228177,0,552.2,347.95,0.1270327181128374,0,0,292686154,75.17021086386163,42.98270921968564,930.5821141765582,464.72783854999113,4.912842320080679,2.28228771451568
6880924612,208034581,0.1245545924425311,0.2420465526111393,0,590.95,449.25,0.1474199188235548,0,0,140386828,0.2072340286332244,0.3940342574952528,0,650.8,500.0,0.2544039165976683,0,0,140386828,87.42953487402735,88.83428379680029,442.8864213406193,749.0929123841381,5.0613858498949975,4.677286342341595
6880924914,335246891,0.1739856416582705,0.3034049132219146,0,680.9,524.65,0.213624811766801,0,0,967878929,0.1984502996600654,0.4386704683627052,0,668.15,455.6,0.1923852917908813,0,0,967878929,164.7202896485642,47.235253633574,647.2485063808732,608.2296360123155,4.533470942545747,2.621855587685383
6880925100,151849575,0.1255318713338869,0.2715389997089161,0,657.15,497.75,0.2567127010462648,0,0,227660565,0.1674978544169151,0.2176572548774283,0,852.0,676.45,0.2244709234368592,0,0,227660565,75.53819872050695,109.34533283008064,714.6197092191903,760.8798683277465,4.959815075164106,9.960368177461875
6880925307,177910556,0.3038094223736712,0.3901852806644698,0,967.55,661.25,0.300310938256526,0,0,173487372,0.2014809919440752,0.3491768369677671,0,1008.5,640.45,0.1701219595258074,0,0,173487372,52.53859415731664,40.52597384250299,926.4347590747586,600.1461122824016,2.778772845337115,3.016462728273411
6880925313,376884895,0.2041426853462557,0.4332477916692209,0,784.8,543.65,0.2214220250192105,0,0,137935474,0.2038841279746911,0.3996095040698705,0,662.35,465.4,0.2160549659925817,0,0,376884895,43.03025163162156,78.81356962386909,599.2917623122905,623.4401119029951,3.620728404463692,4.13104891760907
6880925403,1098560074,0.2113323962324467,0.3747469884260707,0,674.25,407.25,0.260977523323096,0,0,164381917,0.2112964582256256,0.3080709292941678,0,629.6,394.0,0.2117831915044443,0,0,164381917,49.59559968681826,40.00918532411074,648.3786985726508,560.6084339621855,2.6533497156679844,2.9026311364515665
6880925414,230623985,0.207770808043023,0.4899915127848245,0,880.0,626.45,0.2455676572402386,0,0,153414443,0.1896876970554564,0.4139642256238852,0,682.25,485.85,0.2095514006311566,0,0,153414443,8.13810928543605,124.30192656454292,848.7866213651189,654.921602859253,3.3697029162157777,3.374775570156684
6880925418,138512165,0.2070888067508766,0.38076695312365,0,674.05,433.25,0.1977557884920653,0,0,390727870,0.1965418687355877,0.3753289747125706,0,574.1,354.5,0.1268869279331385,0,0,390727870,46.634205752811496,50.22521933173233,620.254904325632,432.1356281742724,3.046915341381096,2.3063676867073863
6880926116,143129200,0.2587362205786215,0.4228992503122587,0,671.8,411.0,0.1627855313009907,0,0,169123922,0.144290181995518,0.5310039483867309,0,505.8,331.25,0.1300959354901504,0,0,169123922,24.40542064117825,24.31988043412462,524.7906231457991,476.7267703749332,1.932279378078884,1.4147182359795216
6880926709,221563206,0.2228516336398789,0.2435280919378982,0,741.95,589.2,0.2332629069391256,0,0,122597505,0.2137737040475575,0.5141166669463901,0,665.4736842105264,461.8421052631579,0.1804497626437527,0,0,122597505,70.94727364674216,70.38771866999018,712.1800124065953,549.3902139950122,6.668408676392477,2.5886743607370444
6880926712,292818656,0.2045472988972731,0.2439791430633535,0,673.05,493.45,0.1981638945907141,0,0,433370472,0.2535890860041777,0.5697036289436382,0,866.35,565.45,0.1357771146007885,0,0,433370472,53.42121952536917,82.92585236496214,624.094611910281,456.6566303689004,5.5798200235925375,1.2152179299580446
6880926714,155341481,0.2185931371643322,0.2618493565455833,0,590.6315789473684,484.10526315789474,0.1582681859837616,0,0,199970534,0.2114392716092767,0.3008169513475766,0,548.75,445.8,0.217008577178632,0,0,199970534,119.46245199955156,88.3868925977213,535.224104089631,442.3504710193312,5.757518689158149,4.613501218133056
6880926800,131878875,0.3422527180984245,0.5025013869383452,0,1214.35,854.0,0.2064864582273412,0,0,254047336,0.1806476065112627,0.3510371736431227,0,633.0526315789474,452.3684210526316,0.197189670942781,0,0,254047336,25.3131975057198,61.92008853723196,647.3500158629853,551.8999306623515,2.60815778128393,4.187260199602943
6880927006,1028667010,0.2188577022912745,0.4842427544323981,0,583.8947368421053,370.7368421052632,0.1827257680750968,0,0,366147263,0.2025425661306068,0.2771307281694546,0,491.25,349.8,0.1388138373018823,0,0,1028667010,24.95919987770733,24.891395584219453,528.2199613698489,417.6202611178463,2.6043459002299247,3.0195405228305745
6880927014,208608441,0.2280654554036183,0.3528546780814767,0,786.15,559.5,0.1622519505690189,0,0,871541145,0.3334469909094572,0.5572205798048426,0,1040.45,768.9,0.2945208694513185,0,0,871541145,79.19097327380493,74.60443760673346,537.9304829646583,639.3398087398451,4.065091141740607,2.7077373595165666
6880927203,1021587169,0.2997774535090373,0.5714801090379156,0,1578.0,861.0,0.249284486125077,0,0,231559590,0.2055767276765088,0.3353661574003898,0,707.3,498.95,0.147129467017968,0,0,1021587169,83.9276260499688,29.332862210706697,999.3577205166156,582.007857721041,1.766584097899754,5.866010118079567
6880927611,173437171,0.2305027077485928,0.4577630508444986,0,1191.35,904.55,0.3253515034924407,0,0,171941570,0.2397771689605793,0.3875367245300347,0,1047.9,695.2,0.2585766629013387,0,0,171941570,62.61062809883981,65.42219270121886,969.6164661377586,790.2622826142326,4.777451636479773,3.863899888079479
6880927617,185278478,0.1846864107878922,0.2469768963916893,0,682.55,515.35,0.21504516258497,0,0,149371396,0.1481216108066345,0.2876262471987159,0,701.8947368421053,524.3157894736842,0.1918905815963983,0,0,149371396,139.28396082528695,109.23087460792284,677.8009763062306,598.2562392016126,5.907643583738647,5.882312209998084
6880928807,122184831,0.369910931997069,0.6030230871661668,0,1748.7,1113.8,0.2967998597862464,0,0,379740963,0.4947409821200638,0.8223931681049632,0,1508.157894736842,1076.2631578947369,0.2264691742846391,0,0,379740963,101.45869362760166,2.949152542372881,1127.1131323361549,850.0554041468753,2.9449887323089827,0.9769289375920464
6880929009,1102443244,0.115795581997219,0.3060710501301273,0,738.2631578947369,608.4736842105264,0.2826320685299636,0,0,208985553,0.1687769814249716,0.2760769614931484,0,697.65,555.05,0.2120671722752813,0,0,1102443244,200.5684226236457,192.14203570017295,670.2112023793801,605.5586854783523,7.39741811849578,6.205561385262767
6880929116,148224682,0.2027696040159147,0.4218764967920205,0,516.55,345.8,0.1577626739586402,0,0,180514169,0.1852324307262535,0.3188014051781194,0,666.8421052631579,504.6315789473685,0.1917411714101751,0,0,148224682,21.80191838017849,121.07256090036849,552.327961859864,640.4528433291301,1.9016418539620343,5.53608409585808
6880929406,995506605,0.3718007671096454,0.6247158230373454,0,1360.7,937.9,0.1739867131728492,0,0,121586153,0.1952853982841758,0.4413508981997219,0,529.0,342.7,0.1364330237357606,0,0,121586153,4.096753961014505,27.15457469749933,712.5548165928833,396.1985048898301,0.8602578792746879,1.23111596952571
6880929908,192268080,0.170651402022859,0.3627412157412803,0,633.55,409.35,0.1548627217253186,0,0,311613000,0.2954908102546869,0.4634465535394557,0,671.5,466.1,0.1379585887342625,0,0,192268080,55.55965685461359,7.51618432488282,596.6180076234554,539.7889990894345,3.437621711032294,2.022089487399364
6880929917,217342286,0.1768660679829886,0.4005064017490832,0,735.6,513.55,0.2370676174177795,0,0,882119149,0.1733367670738393,0.40628518267036,0,692.1,506.95,0.2163706571900911,0,0,882119149,52.246407871261376,94.74889732207116,778.1950703291704,707.7447276217626,3.21302390512883,5.076606819796018
6880930112,127044155,0.1651919712839693,0.2814396364686682,0,827.95,594.0,0.2026000946651918,0,0,400363271,0.3373251698483154,0.4212049181292608,0,810.5,586.65,0.1820722733495948,0,0,400363271,149.81302934164935,41.36139434655196,689.5248549106831,834.9830183769858,6.777846419589485,4.153083794648586
6880930219,231351807,0.1899301732835482,0.4946182239500207,0,736.6842105263158,489.89473684210526,0.1812018475359989,0,0,300573105,0.2203373393756886,0.3293110111005067,0,685.45,493.7,0.2546381934603234,0,0,231351807,86.28459736929231,95.28215429199682,594.0878094431536,744.2515042817288,3.5856278829537445,4.475372399429689
6880931110,239938454,0.2232322955165275,0.3752127761966734,0,822.8,630.35,0.2620361156757028,0,0,116862981,0.1808045558348404,0.4414203338923723,0,623.2,431.0,0.1677041454401756,0,0,239938454,128.50283550182613,58.84701718529171,816.8990404124418,491.8023395832212,4.610755280570073,2.357134502510302
6880931318,303505038,0.1566388154095665,0.1934272647022138,0,776.3684210526316,612.0,0.2967048020466544,0,0,896037985,0.2140925350249249,0.3040505781157439,0,753.6666666666666,548.1111111111111,0.1875497254375527,0,0,303505038,164.46514747844367,92.98979518335192,804.4008663997234,534.2962183726487,7.301250875599614,4.563290082611081
6880932213,374896820,0.2164996862192238,0.2470811487858646,0,699.55,502.0,0.212473043151387,0,0,292772609,0.2188143944487037,0.2173947742615679,0,777.6315789473684,574.1578947368421,0.3095934378732813,0,0,292772609,64.22178566333368,78.25210878600878,546.7896772939378,855.0112706401551,5.764296049262681,6.012205413831624
6880932219,204655516,0.1573932260702553,0.2794409408442379,0,860.35,735.0,0.2929619159742075,0,0,1271015859,0.1406672518748795,0.4799302838726015,0,642.0714285714286,461.07142857142856,0.1730623331435848,0,0,204655516,161.747987477134,72.18438900205896,870.4366415252422,492.7467763863692,7.7215395311025885,3.390217802606417
6880932304,101777133,0.1831928580144924,0.4175634895972773,0,555.95,408.05,0.1800001867237385,0,0,914334317,0.1985692828298699,0.3419485738473668,0,700.45,435.05,0.1465162409928971,0,0,101777133,55.7003497767103,31.88395604211705,569.23583391367,571.7250049460026,3.290721337802008,2.3430384939579447
6880932601,344005958,0.0569192407423513,0.2005808006279159,0,526.95,411.85,0.1282847328934487,0,0,183366166,0.1449500083291612,0.2136664120734613,0,739.55,573.5,0.2356826273546669,0,0,344005958,101.89079991982614,122.7666042029512,342.52890780101774,738.1596579932263,3.740605089421572,6.255391443767894
6880932702,963978704,0.1261726446889528,0.3320208655656488,0,478.4,323.65,0.0971321840443269,0,0,423653543,0.162284033912146,0.297630698739846,0,678.65,518.35,0.2568103122990703,0,0,423653543,19.21712212760631,121.91449029656135,409.1152322025879,672.6010519583837,2.1252007861441835,5.7350758763789536
6880932916,139763963,0.1410205991498546,0.3376465160585898,0,792.3,567.25,0.3069108275125479,0,0,158820336,0.1842959258572367,0.3281559087924112,0,855.85,653.65,0.2734242369435217,0,0,139763963,85.51776990697991,50.92128074123178,829.7877268765336,820.7309852615305,6.043908775079033,5.341547308063994
6880933205,1062928536,0.2050117161193855,0.4109171895764472,0,889.3,545.2,0.1276828460417672,0,0,191966236,0.177929375254359,0.3713274529138609,0,794.1,593.65,0.2778331028861014,0,0,191966236,32.60143064288671,107.4694039851012,518.6264511032724,799.9170635869366,2.7282991433818866,4.678975984676466
6880933214,138814949,0.4189003105768389,0.739431643674314,0,1360.75,900.15,0.2245484476475966,0,0,110011605,0.2149938536718398,0.2808720363921814,0,685.4,526.9,0.1532258763201827,0,0,138814949,10.137878580120171,75.57185524227972,745.5129403025156,572.2950595217861,1.9525342944217912,5.171569927389042
6880933316,190210711,0.2009312658368837,0.3349874866488024,0,761.2105263157895,528.8421052631579,0.2425340946860055,0,0,291930970,0.1981847857305106,0.2950066807135555,0,640.7,499.9,0.1841010487927449,0,0,190210711,31.003131178587,100.98582876750343,786.7229818480479,678.696110022003,5.444187878013426,5.4602798145696205
6880933519,138937308,0.2433873213031838,0.3492773603593181,0,509.8,364.7,0.1127756250140139,0,0,149239914,0.1626042658248326,0.2334745185274178,0,727.75,529.35,0.2200922926389873,0,0,149239914,26.00102258374353,102.2090238399899,437.499891077712,586.5409319766501,2.769129399510053,6.240955152923493
6880934202,1021474693,0.1921960259786795,0.323878727456397,0,609.55,424.5,0.1555902470482287,0,0,297762735,0.1471320295846302,0.3213018610061336,0,464.89473684210526,329.94736842105266,0.1048819354058671,0,0,1021474693,39.57247729338781,55.86871521354937,497.9202414621906,314.17024735252,3.635077965239099,2.161180445382436
6880934304,928614687,0.2377682201254976,0.4922903565632843,0,1053.8,811.0,0.276304109810504,0,0,142044039,0.2060045761095073,0.5777153271479654,0,972.1,726.55,0.2864756758949955,0,0,142044039,79.68083464089854,64.23823208380506,841.299710318404,1081.696712011632,4.079211073683672,4.367544292097869
6880934313,353173485,0.2216099283278924,0.3337658917404992,0,654.2105263157895,494.10526315789474,0.1928534696518338,0,0,441459799,0.2359765155887039,0.5796714206518759,0,677.6,525.05,0.1787170457649031,0,0,353173485,124.62422094090012,92.41647757080024,611.7743194481179,391.5144482924956,5.398791633852127,2.5462620957101643
6880934716,104908816,0.1472043127532592,0.2668687677137501,0,765.85,600.85,0.2970484636987419,0,0,120497374,0.1969557119731699,0.4042822823957457,0,632.3157894736842,459.9473684210527,0.1893382151534694,0,0,104908816,346.3494383905256,98.8599047714872,665.7153251719026,660.2003699032044,6.123885480179207,4.404292310322004
6880934913,288619012,0.3335823520849999,0.6677526100999456,0,1218.05,892.8,0.4127729341819092,0,0,1417600885,0.2458596840617576,0.5554102791849453,0,1232.9,785.35,0.277645868716355,0,0,1417600885,4.261625155649533,81.57408721332075,1119.4904508062211,966.655433955518,0.7080693486799237,2.8958458304447827
6880935117,1004635433,0.2024706691295514,0.4839812511403566,0,506.65,336.9,0.0957349870394109,0,0,429283387,0.2196095817776277,0.3103459087507017,0,945.65,710.4,0.3216126469603946,0,0,1004635433,18.387238490152185,116.15074607530858,339.67551673464857,917.8078224380306,2.2956428885350557,5.683126670423098
6880935311,135865676,0.1671606630581425,0.2939852953344692,0,679.75,549.0,0.2694836594706689,0,0,110718422,0.2043628700501458,0.3370611809252367,0,491.9,340.55,0.1247185981243417,0,0,110718422,53.367628000381714,13.539087222537429,852.4531913762191,484.0913313853592,6.26437876772268,2.2257696000955347
6880935407,333165935,0.1486277663721634,0.321565680976786,0,676.15,552.2,0.1936593280966789,0,0,1193381001,0.1508926704645096,0.4269774657852518,0,622.2631578947369,433.05263157894734,0.1243357680156106,0,0,1193381001,43.26583694788113,77.03896512451739,769.9232873204307,406.77847870571446,5.836452947931484,4.298583138033286
6880935900,838241239,0.1865244562340063,0.2788232483214302,0,1207.75,874.4,0.3237913883260951,0,0,295723066,0.1855513962932118,0.3967536835450482,0,666.7,483.1,0.2183477694176672,0,0,295723066,52.06437666132631,105.73107184966192,892.6026767923693,582.9727364155697,4.376939266415197,4.689371863513121
6880936119,863576051,0.1868205929328122,0.4169116764280229,0,545.4,409.35,0.137795813598661,0,0,267410084,0.1838783514730693,0.3330562399338344,0,661.0,483.25,0.1827226008570913,0,0,267410084,65.08993785167469,63.195499918857706,538.1572273434301,548.0203285706582,3.5632899559267104,4.9879899677603525
6880936402,279720210,0.2831570063033982,0.4058282427147174,0,948.15,561.15,0.3154703312710836,0,0,1166828407,0.2098422245725056,0.3324472337702106,0,694.25,461.7,0.2036242421074164,0,0,279720210,51.851141361109214,77.415076263896,759.8582295545536,668.2262525823362,2.1818830442102515,4.039620257265585
6880936510,1016471283,0.1597806637599774,0.2443577712143115,0,808.8,588.7,0.2509794173646876,0,0,158685963,0.3021552505431216,0.5339181702727193,0,1062.9473684210527,798.5263157894736,0.3284265601837799,0,0,158685963,154.2902973134439,92.14413768197046,684.1220570603857,990.4287178684328,7.702418869139739,4.479614233141067
6880936511,242102707,0.1992646212030454,0.3413852802899484,0,746.35,558.5,0.2620349084825675,0,0,171437219,0.2538542107000001,0.4002906814847297,0,1218.05,613.1,0.1410260581121318,0,0,171437219,114.85786459989468,40.25173416043248,677.6251688931665,588.6762254206426,4.570841777477449,1.367876414005087
6880936605,180506341,0.1921005512753603,0.3350004643281287,0,695.1,511.7,0.2221619089625605,0,0,138850680,0.1256721187198778,0.3192587103825801,0,720.7,551.5,0.2503842255473084,0,0,138850680,116.84516848909072,153.903051303078,655.6853407053338,732.2239844058181,5.229432788191078,5.798619933402786
6880936718,109132674,0.2178406183244265,0.3957623854284846,0,542.2105263157895,373.3157894736842,0.1701451272921684,0,0,165061823,0.2098374087892008,0.4908089942314924,0,864.9,618.3,0.222973841325346,0,0,165061823,46.4028028646679,33.168075659843815,525.9569039791485,706.8400143365467,2.500074774078136,3.172314018980636
6880936906,414369690,0.2290120055084074,0.365892703160027,0,585.35,428.45,0.1662791870238057,0,0,839461855,0.2318032822375081,0.3098434070433586,0,1028.0,764.5,0.2836464922002703,0,0,414369690,113.2063309024024,174.72809947138347,616.0064359270209,853.4333097592571,4.169697812770734,5.12662367937148
6880936918,232339666,0.1875832925157939,0.419857405627628,0,944.75,728.35,0.3071373055037515,0,0,285605068,0.2538384564495771,0.3366095621194185,0,684.4,505.95,0.1858107664357594,0,0,285605068,120.6139905593587,117.77220702348455,853.1306775074261,731.9978145546555,5.547840577754193,5.377877681773514
6880937612,903641167,0.3225152724871861,0.5917179420104899,0,1144.4,881.95,0.2679839618933768,0,0,179749867,0.3113480867702237,0.5551975272457244,0,872.25,639.2,0.1996926821836471,0,0,903641167,51.92334056184578,7.798005227684489,922.4222535231692,638.426044869718,3.95175394012681,1.2028733253654678
6880937618,1230137393,0.3217878235369699,0.3761815478349117,0,1234.15,864.75,0.441927398970233,0,0,227326506,0.185010489831165,0.3162979795636246,0,809.1,564.9,0.2949024565682371,0,0,227326506,109.5486683456659,113.20288821731828,1118.914746091085,773.3432672601216,3.7807291958583455,5.7615145858149805
6880937709,360935390,0.215873377670468,0.3807829117886896,0,981.65,731.65,0.2525884812318124,0,0,113495802,0.2607875823270977,0.5005230150033083,0,719.1052631578947,529.8421052631579,0.188613867396628,0,0,113495802,86.42860224734768,26.010986293615314,838.7894059305276,601.0268171740529,4.829374312188237,2.2446620461909017
6880938308,244646331,0.1953695104108517,0.3659507182887536,0,617.65,405.0,0.1704449691489559,0,0,170996639,0.1925385107581388,0.3664217539755633,0,712.4,491.45,0.2187034817478394,0,0,244646331,67.86291735632325,91.87411410683951,461.42673124816827,606.918320389192,3.5729838399988827,4.81391124865545
6880938312,402991078,0.221592414376358,0.3366228692110544,0,780.0,628.8,0.2960636314158178,0,0,122418964,0.1896851234048637,0.2803111580124954,0,606.8,464.6,0.1809257964776237,0,0,402991078,158.42671234513463,94.49988324832512,968.366909856574,560.6594819840768,7.584744170160111,4.308024976908153
6880938610,906809895,0.1923069461441014,0.3239094408635237,0,1014.85,759.15,0.3277050549009265,0,0,238452462,0.2290861453709629,0.361029021368573,0,841.4736842105264,602.1578947368421,0.2480601422201163,0,0,906809895,110.3930842268108,59.955993629006585,919.6883429376504,831.2980656763251,5.401401164266465,4.940895486705787
6880938617,236890173,0.2203774315265495,0.346925151588891,0,720.4,528.25,0.2775547348418159,0,0,361360792,0.1638763566889604,0.3071267162059731,0,822.7,619.95,0.3539461656422076,0,0,361360792,123.61134973764142,197.06069242631025,810.4037207961546,901.02969420363,5.553550082452883,6.232455851136737
6880938700,164882500,0.242335728018908,0.3407200520044928,0,584.8421052631579,411.9473684210527,0.1587997753010838,0,0,234850435,0.2295188914398556,0.3391826981294332,0,747.578947368421,561.8421052631579,0.2014865076505292,0,0,164882500,141.67476230214524,143.4007981817605,525.0648229837475,791.9819049446096,3.397829517153003,4.931872992366726
6880938806,248981739,0.236013162699547,0.5792316939001463,0,838.85,552.35,0.2106403813048403,0,0,431395014,0.2363692906577317,0.3111565421018302,0,694.25,509.4,0.1727415603960283,0,0,248981739,123.49325934532958,81.8375632242082,626.3386644128359,601.7263469877871,3.0466761885528664,5.396164397316407
6880938910,139034160,0.1957003682376654,0.3761180443377143,0,410.95,439.0,0.3743063552173386,0,0,142004798,0.1528302335603613,0.3948554338402664,0,386.15,432.85,0.1552181953114521,0,0,142004798,245.0852069491713,474.5470569539178,438.1737242877458,125.82205633639356,4.05387850347114,4.250686799981834
6880938914,328937982,0.2184212734027305,0.3763638339541544,0,590.8,427.25,0.1644903855155473,0,0,334716466,0.2612048904587306,0.3429561175115769,0,503.25,351.75,0.1041778380504809,0,0,328937982,124.90222890025434,38.078098397288194,559.4227728417301,392.38705165835694,3.971608509543125,2.664881890773421
6880939000,186538552,0.3011153973209587,0.4083068634991021,0,980.3333333333334,651.7777777777778,0.3582373267830059,0,0,135269877,0.2895793324334011,0.3796211681474321,0,706.5,507.6,0.2074000060687823,0,0,135269877,40.169224519974655,40.0309059463266,996.8686709791684,644.074677262106,2.955698384531096,2.8888429125593267
6880939202,121977890,0.1667985236352235,0.3344972732527392,0,591.7,443.6,0.1540224636413953,0,0,183595464,0.1794786781624207,0.352364415419478,0,588.3,416.05,0.1816554527333081,0,0,183595464,69.61383715454379,34.4956635229329,524.9907035417746,622.9903558311032,4.2566350900966325,3.376828466955986
6880939204,122883336,0.1774083429667384,0.3467844993063391,0,592.1,411.85,0.1543010233209437,0,0,218741819,0.2305763840748394,0.3654909769458123,0,564.65,342.05,0.1321320656992139,0,0,218741819,21.86317970836619,36.1834508111699,496.7333918053719,394.9580186231936,2.7986668063000395,1.7220504948485185
6880939412,161408457,0.2003831077507464,0.3544707934719529,0,658.75,488.9,0.1621967188026984,0,0,136230547,0.1990088409076909,0.3673232069426441,0,635.25,466.85,0.3177312653484181,0,0,161408457,35.832245832078435,33.733432674403545,567.6471257928746,855.7776843165309,4.986872239080784,3.874907039108927
6880939414,173992988,0.1960217368132253,0.2963759712421852,0,520.7368421052631,393.89473684210526,0.1015168949248127,0,0,1017489338,0.3044137409665823,0.2479132102071399,0,503.0,379.1,0.1110603647622376,0,0,173992988,56.41677764814213,20.779563992275705,488.386379428295,395.8902519772688,3.7060742136092495,3.924949143220288
6880940209,135014854,0.2268973440695992,0.3575210805519965,0,679.5,504.5,0.1404751240642599,0,0,136958393,0.1435476906928967,0.4737494003619833,0,735.1,549.7,0.1838459189779653,0,0,135014854,27.076403438399968,137.3014428010235,534.4201548083754,717.7973138139586,3.315586113976232,4.330719438709153
6880940415,223431966,0.2169460839930241,0.3204438331778355,0,676.55,487.7,0.1758117095952405,0,0,109414291,0.2834315754596522,0.2831254324688159,0,521.3,366.85,0.1338061657497804,0,0,223431966,47.27965100451257,29.89830110374927,627.8726623378786,516.4187185524922,4.71722798831668,2.7678257651156954
6880940710,152867979,0.2439796969714883,0.4104858029565653,0,999.6,726.05,0.2433914504499914,0,0,136920805,0.1817911457910917,0.2983249724239453,0,563.5,410.55,0.1721772222541392,0,0,152867979,61.21951198377167,23.521241623839725,846.4895287525763,654.2545161194573,4.4731500261353485,4.011173474666707
6880940815,157942237,0.2328522191848681,0.344744423296756,0,886.25,523.65,0.2146957743409764,0,0,1302432940,0.2855556822196339,0.4127056148243728,0,741.3157894736842,529.9473684210526,0.2144503130449164,0,0,157942237,40.48378991635577,45.56529850864932,585.3061928845992,637.7530147329358,3.4358122305221954,3.738702086578532
6880941109,286905282,0.1209243063043203,0.3274353206113078,0,860.6315789473684,694.3684210526316,0.4373533213454292,0,0,206305986,0.2337089543751475,0.4638000613432296,0,664.0,464.2352941176471,0.1673368869904151,0,0,286905282,224.06625551083408,16.046133998711042,920.9372029635754,748.9160707228426,8.384729757273732,2.172831962010114
6880941112,1420663571,0.2803218513606738,0.2712639845845181,0,423.4,291.95,0.0630946756402796,0,0,361859362,0.2234251869263065,0.3723810375212689,0,691.85,489.0,0.264009483980484,0,0,361859362,20.92268934515328,99.63927066796424,345.84318939680264,753.0604901594504,2.0050584434541188,3.828104093392453
6880941117,372850269,0.2048870903337915,0.3668791541739228,0,676.1,493.35,0.2318789769952421,0,0,360177337,0.1958184472144108,0.3266152987350265,0,600.75,482.9,0.1790825237888394,0,0,372850269,82.88558536573656,83.42290921900165,677.2444351705565,658.5499676075764,4.667500796033066,4.635534128352893
6880941315,201379480,0.2518278631788552,0.3851608000950424,0,1071.5,876.8,0.2895200096939103,0,0,312582076,0.2146427941283048,0.3708890867698676,0,647.3,456.2,0.1605682488958663,0,0,312582076,86.25148018051117,73.43078768729222,1188.7012997822967,613.4748280137512,6.824984838605242,4.628461465967544
6880941319,290542444,0.2514135953733908,0.3494303334144431,0,987.05,777.4,0.2918741613697412,0,0,392262149,0.2746326912484099,0.5415800675120208,0,895.0,668.15,0.2169591429287273,0,0,392262149,168.56813562925993,79.15047171212477,878.5837903608335,957.0978348541068,6.027123584952429,3.8846876393008527
6880941718,1283815124,0.2786739549646892,0.3652768840658627,0,528.578947368421,350.6842105263158,0.117309250593182,0,0,1290733631,0.2029055626949706,0.428227373693443,0,592.65,394.6,0.1807210602098836,0,0,1290733631,21.374229481419576,51.901951357523295,484.3770179725386,493.3256046426736,2.437543759761045,2.625345690603268
6880942307,227841954,0.1856596128854285,0.4434535959485765,0,794.5263157894736,552.6842105263158,0.3118202115248344,0,0,193094822,0.4253892256875802,0.5185164356571875,0,1693.25,1097.1,0.3761284735642864,0,0,227841954,126.67908377356817,72.97387676087854,859.9050490533563,1244.7580601914692,5.1550653261730055,2.761459213854875
6880942705,122061170,0.2620009773211953,0.3987394978175521,0,1325.95,950.15,0.341340470773023,0,0,199281283,0.1765288767542949,0.3079947684385938,0,737.25,533.9,0.3206513301428474,0,0,199281283,57.36679924220128,142.85068598735742,993.1788200119876,759.1030561579257,4.902320539516472,4.860152817406713
6880942714,149131184,0.1887715872132958,0.3047101542282439,0,680.7,496.25,0.2172162415914521,0,0,148882267,0.2012064255407635,0.350364948182128,0,541.0,349.7894736842105,0.1088462929649974,0,0,148882267,95.70354279262396,72.19595392617873,662.4622078827002,430.7128434287891,4.971103207059619,2.281726618592081
6880942815,320507822,0.2385517448832249,0.2622517498699886,0,774.7368421052631,593.9473684210526,0.2816019112780544,0,0,105544528,0.3385724724454302,0.4933737247837516,0,956.25,660.25,0.1743456096540062,0,0,105544528,132.5407607390411,10.330246901951638,739.4523391400297,911.1171398569886,5.897738276181441,3.0335651509475534
6880942901,121518386,0.3698043683829666,0.6649694361162746,0,1536.4,1121.45,0.2757973262323237,0,0,314733296,0.182865055855598,0.5089795545640874,0,640.7,385.4,0.1774220330462601,0,0,314733296,6.5804416776426535,44.69578048071744,911.987682340251,646.8236559843741,1.0679443957607488,1.7267765940694333
6880942903,301667636,0.2827022567560565,0.3333569337822101,0,631.3684210526316,443.6842105263158,0.2108514198269392,0,0,349754378,0.261782478575939,0.3819745397316249,0,770.65,471.4,0.2374980478248625,0,0,349754378,61.76251940948128,50.89683840079979,574.9848880402163,629.9064111524887,4.115334412512039,2.647474811110496
6880942906,443857971,0.2013807035461712,0.2636675195480825,0,758.4,580.5,0.2188800591034077,0,0,867105000,0.2545165706060409,0.4504652675847797,0,1487.65,1148.1,0.4788571409144119,0,0,443857971,103.3835563293788,40.94425807875571,586.663766519104,1140.5560443457553,5.604075195257434,3.209292169843998
6880943106,181370620,0.2454292145196014,0.300005027851393,0,513.2,332.45,0.075376711340918,0,0,405079318,0.3322866734494202,0.5586051482296386,0,859.55,602.7,0.2659206595449407,0,0,405079318,33.78377731006629,10.48681170325134,331.4827593183353,742.4872851683232,1.3101819230248857,1.5300640135547492
6880943708,836177527,0.2245223074867456,0.4989703438524973,0,872.8,590.85,0.2307732283127847,0,0,192266679,0.2338042339330484,0.339024183247764,0,634.55,447.6,0.2429156119756973,0,0,192266679,18.46467441627536,59.68693944453465,714.9767720906569,715.1187568387196,1.4905117452204728,3.792377641959413
6880945011,218432174,0.2798684179950473,0.7170807345261793,0,1247.4,951.15,0.4428067364649882,0,0,979578020,0.3827767127309055,0.5666932330089948,0,1076.95,744.2,0.1519225737059347,0,0,218432174,34.013496591295834,15.648746113863996,1018.0378478689036,690.381913486694,1.3744284887142917,1.452046623049399
6880945019,200886307,0.1591712494202121,0.394920508990303,0,605.55,434.15,0.159196975809305,0,0,422434966,0.1586256209761414,0.3237028098503294,0,751.95,556.45,0.2797063163086425,0,0,422434966,63.28194554383767,108.56879928724612,617.6710399606275,727.1423254788162,3.744772369537897,5.446517855772083
6880945319,290783226,0.2597918368648288,0.500704133375806,0,1334.7,847.5,0.297955556183553,0,0,152639053,0.1726802212358712,0.3754041674826593,0,574.2,381.1,0.1755523728488353,0,0,290783226,95.40607834126308,46.5482937859398,913.7728609744912,476.516514880264,2.2639591869268023,2.8532070432899723
6880945516,104207430,0.2213750700420468,0.3242235207079214,0,661.9,432.65,0.1777111270659955,0,0,183962036,0.1931266780417019,0.2929597746525718,0,550.3,392.5,0.1940235234316044,0,0,183962036,24.81420951430593,67.00550178763862,553.7296304109793,485.0431052865447,2.8594632130776447,2.957113881963469
6880945517,165035230,0.3040488607760898,0.5088418670369157,0,1124.75,792.85,0.2436111088294737,0,0,164755246,0.2489384991364841,0.4025362114717012,0,759.9473684210526,503.10526315789474,0.1832756973358473,0,0,165035230,18.962504005792987,27.19948837356525,882.7992330779059,612.1123556934618,2.548369943142935,2.164618604060625
6880945817,389274555,0.2382448388676833,0.507185900531822,0,597.05,386.5,0.1181466434924998,0,0,137671505,0.1397441321261028,0.369216346780112,0,585.45,435.25,0.1600732902811712,0,0,137671505,12.089966592213525,90.25769601233368,497.6619639606818,560.5864673350101,0.8814290980185154,4.277668421964476
6880947407,118059059,0.2955857233468724,0.7294907089176265,0,1102.3,820.6,0.3361625215535023,0,0,231980883,0.2529232298384999,0.5284861030164056,0,1051.1,810.9,0.3382835675713259,0,0,118059059,55.42205305927708,134.91553009024062,983.8425663379378,971.4534441187828,2.3255348549725614,4.472560445201397
6880947409,196290870,0.135586013881641,0.3430169833699467,0,586.2,435.5,0.1400558102524364,0,0,336793089,0.1947318803354179,0.5092719057943473,0,762.05,522.7,0.1969652297298476,0,0,336793089,112.43155228544472,74.6765819239433,449.3545014073388,565.8730640047404,4.584991988364166,3.3881149571721365
6880947417,153276691,0.3049367228640856,0.503848993977963,0,677.9,449.15,0.1329274457320143,0,0,139834907,0.2958667011955845,0.3557030857842469,0,751.95,516.35,0.163577465617516,0,0,139834907,24.18935699917602,80.96786620120096,498.88260008909936,601.3263884011391,1.2902276806283162,3.28843039819509
6880947513,120820066,0.3187102569217134,0.4237652831036332,0,550.3,344.65,0.1355374384742844,0,0,213302923,0.2136928154062835,0.4541780091236048,0,625.5,366.85,0.1189831713929414,0,0,213302923,27.74994283854697,26.207933553959084,529.6626684476353,435.859834713572,1.6927805852113256,1.5136518889899102
6880947613,334443921,0.159578653164493,0.2929201399689247,0,676.3,519.5,0.2270884657865484,0,0,192200895,0.1214586466556013,0.3449519074670054,0,464.5,278.0,0.1075153186990729,0,0,192200895,135.38262324434226,11.011774423551964,745.9474062666492,344.60780753635834,5.266800036153713,1.0602435926407905
6880947711,353797521,0.1851800638369898,0.4807407698229657,0,729.15,590.1,0.1735153010801987,0,0,150095470,0.1536814647236819,0.4154071939238152,0,684.3636363636364,509.9090909090909,0.2505189055637087,0,0,353797521,39.91203064121819,89.66122435255966,489.6257796868833,657.8218485678459,3.162077821884444,3.922856812895813
6880947910,191000171,0.2016573996999409,0.3441163670321623,0,1141.45,637.7,0.2172489257385403,0,0,177259668,0.1620882208641276,0.2537088428380974,0,700.2,513.45,0.2052540102354154,0,0,191000171,113.47877239326746,133.6717485507042,610.8804723257051,555.558035113598,4.180730568423791,6.084719512996859
6880947919,423329465,0.2104853271613221,0.3468872140189155,0,704.75,509.9,0.1947035672171883,0,0,143108262,0.2782651300367601,0.4662078575822289,0,1158.4,620.65,0.1727215894555168,0,0,143108262,75.97276583885629,46.90323982023703,793.4350815004846,580.1791575876384,4.779701197399971,2.5375095604400357
6880948102,169814159,0.1928834170472982,0.3780464238338478,0,636.45,438.95,0.1501679042284965,0,0,1440303323,0.1594104403672508,0.4005908596348404,0,743.9,584.25,0.273084359618914,0,0,1440303323,44.76086106347133,245.02975935895896,529.5901378287738,713.8870208900548,3.944972911670224,6.223557953503942
6880948209,841162888,0.2316383483571083,0.286718086515578,0,697.8,571.85,0.2507493535121,0,0,207406884,0.3975265026532097,0.7783500556391407,0,1562.85,1167.65,0.3564424666311507,0,0,207406884,139.32430427960236,11.0812544302388,654.3885989809689,1336.3601979542814,6.768976376453333,1.6308114237492302
6880948700,197759181,0.2471003821484446,0.3424395087658183,0,598.7,416.1,0.1446491448060384,0,0,470507311,0.1291650065532107,0.2262794509247435,0,823.5,669.9,0.2933458015090512,0,0,197759181,42.28397678647937,150.10332243287948,582.5479907406503,907.302350036967,3.531639342285407,6.997761755077572
6880948904,166459048,0.2379633003075505,0.3500249090417158,0,937.15,619.05,0.2414325016021052,0,0,360303893,0.2192513142047137,0.2439359890202825,0,650.25,462.0,0.2249281137930132,0,0,166459048,72.02958247306854,67.91208333212762,805.7691240286362,574.7645339654013,4.738985329762238,4.352386064141281
6880949004,189596817,0.2304488104609167,0.264722473876346,0,539.625,354.1875,0.1289188188092947,0,0,183144579,0.1378725474989199,0.3845477878069042,0,769.65,560.8,0.2450965684608093,0,0,183144579,34.661086635130914,111.1776494709492,404.91381887337184,630.425762520958,3.085026586431486,5.283256909485307
6880949014,157933678,0.3275206794558334,0.5704083038379508,0,1098.2,828.0,0.2624492340241676,0,0,127327676,0.1976326539019234,0.4652187185964296,0,522.7,331.6,0.1801877685322491,0,0,157933678,16.64984232607504,39.32520226165961,836.4656711156479,526.4715500796867,2.345745538963498,1.6135696258942207
6880949111,373277517,0.1646835249060411,0.3224852119792155,0,754.45,584.9,0.3326968995648477,0,0,186244788,0.1622889509148433,0.3054654959423764,0,779.1875,608.3125,0.2388316609222707,0,0,186244788,104.882175762263,118.21001049946352,846.0310319012362,687.0801724107628,5.854951565142103,7.0726417720212975
6880949605,1048740498,0.2116033043639718,0.2459422232398288,0,779.55,600.2,0.2586837986574731,0,0,150371819,0.0992091576015923,0.4828419586693916,0,860.6,651.1,0.4469829247389265,0,0,150371819,160.04712811337757,127.48627170660998,724.4886670617807,963.7290456153684,7.272003651565193,4.80683520887976
6880949704,131872908,0.1745257382784572,0.3027880671331334,0,741.2631578947369,562.1052631578947,0.2527065272016819,0,0,139578077,0.1629976752180555,0.3784743104844201,0,704.45,536.95,0.3119231309497718,0,0,139578077,71.40781808162052,85.30191382853809,704.6815905212421,792.1883958522548,5.938467829948383,4.925750633483133
6880949706,124180469,0.2107328090650541,0.3980271922484672,0,566.45,404.35,0.1462463322704918,0,0,120825228,0.2109498334347866,0.4382538751799297,0,724.45,573.5,0.2613349119480525,0,0,120825228,29.604128631817133,60.11209893315552,570.3499375438698,713.4549082165961,3.2457043304648487,4.012099325707373
6880949711,1115870588,0.2512961048298934,0.3201305317470501,0,611.15,439.35,0.2078112828361324,0,0,364012432,0.2135459638573849,0.2582957198054031,0,701.5,527.4,0.2772266434407404,0,0,364012432,98.8114103589477,70.49781236531427,518.6542670903915,742.2707053616039,3.358925758869856,5.538938724606727
6880950205,109689513,0.2288816999451263,0.360519683021417,0,664.1,431.4,0.194767018630932,0,0,215887385,0.2139114144331395,0.3922725897527327,0,669.4,491.05,0.1877723328722025,0,0,215887385,41.38203580124401,98.13879410656163,624.1199669274649,553.4959963859746,3.3124818158239933,4.149416581523879
6880950305,348586163,0.1850763463334593,0.2935157776678965,0,646.35,454.9,0.1771960717768497,0,0,172632993,0.2099942004684895,0.3238210699990983,0,662.65,473.35,0.1402854799886387,0,0,348586163,169.28042283912802,95.87465452448524,546.7357455978641,538.0715724897086,4.642776517375846,4.993233671977001
6880950413,143049966,0.2457230926235598,0.4444700901196219,0,710.7,529.4,0.1661160604400781,0,0,388747024,0.1305835565234028,0.504538444758648,0,654.25,421.3,0.3656711705774546,0,0,388747024,35.53247885773904,29.97124936587475,721.5564036297887,681.0835961670657,2.159789684873458,2.5739665412235597
6880950417,222510497,0.1272136889307257,0.3249316043327547,0,795.1,612.85,0.162973337996091,0,0,284585142,0.1648688055388617,0.276423007633077,0,701.25,527.2,0.1878063618944338,0,0,222510497,184.58696553935772,107.39055615534896,724.0281966842655,627.9586858706598,7.700332638274152,6.116354987436219
6880951101,375671184,0.2349617849195391,0.4469471873092376,0,899.55,641.65,0.25909277213366,0,0,148328123,0.268872075538704,0.4312151423618564,0,548.55,376.35,0.1543915451611575,0,0,148328123,81.29396226511344,45.13292431490565,755.3019603745088,520.7301705946674,4.010308469712528,2.4180694571127783
6880952511,107665822,0.2397064214361848,0.418788507178379,0,656.45,441.8,0.2144555943064161,0,0,198998465,0.124290497308884,0.3012232654224287,0,810.95,592.25,0.2358097787728417,0,0,198998465,96.02373140575118,176.6003312274417,565.6689627205957,723.4802667509132,4.145572401979812,6.6498079193000565
6880952703,151335521,0.2078731250821067,0.3863918734856263,0,721.25,496.75,0.2487691626289661,0,0,198117894,0.1740153255413445,0.3655446053808738,0,630.7,411.65,0.1326731307566327,0,0,151335521,28.73272387248623,47.88216628160016,736.0940072302159,612.3406973139769,4.88261511528349,2.671835000586724
6880953201,136498061,0.1881281955655617,0.5192662275613407,0,967.05,725.9,0.3433903974316381,0,0,381576809,0.2151411829737424,0.3039012577167285,0,870.7,656.05,0.2598356714505052,0,0,136498061,109.73473866791164,147.74479514324784,871.4778847377781,758.5076866399006,4.518112982183682,5.646694776601431
6880953401,1155175746,0.1913747737591533,0.3413631792112142,0,549.05,368.7,0.1646243003363434,0,0,110852578,0.2371559668097698,0.3413062057653893,0,605.25,416.15,0.1760546859175819,0,0,110852578,15.410495230023368,26.38016643511209,537.8387341610271,613.037068122014,2.444524364539365,3.186269382986583
6880953715,297210803,0.2406474123659817,0.314350385349738,0,627.8947368421053,441.9473684210527,0.2362704328993656,0,0,223733543,0.2630156742466913,0.333995741070037,0,663.8947368421053,476.8421052631579,0.1873765084534851,0,0,223733543,49.64863779539331,81.47051880578738,689.6192394274351,873.2248917246943,4.190152748033655,4.81962762598875
6880954418,221654637,0.2534539056213437,0.309297155285173,0,791.55,528.7,0.2735401457409639,0,0,980210823,0.2587650403160931,0.3202659208045273,0,691.0,495.1,0.1634224750810844,0,0,980210823,47.32251297644776,44.21122218957469,885.5712645064968,551.4806176723662,4.90243322539886,3.703544554611521
6880955508,264699592,0.2178713398768552,0.4633140740729916,0,888.45,713.7,0.2584755157836683,0,0,186325061,0.2298423527575245,0.369561910413465,0,621.8,502.5,0.1703547447150291,0,0,186325061,61.90484378475033,37.21009106480449,934.3865751858582,524.0629404847368,2.777951962750883,2.6720125965560046
6880955906,302665884,0.1732538355937811,0.4151929951840566,0,834.6,635.35,0.2915005244849359,0,0,183536867,0.198325054657993,0.3818930169561312,0,671.9,512.35,0.2677856932508226,0,0,302665884,118.54215397357014,78.67310101464778,719.8649053202884,711.1802297339633,4.0196862221363805,4.682093559734148
6880957717,854417785,0.1627914326266578,0.3712632915315711,0,765.25,555.85,0.2295172391220172,0,0,361422410,0.2762757581592046,0.3539252448332142,0,474.3157894736842,304.2105263157895,0.1157376275876657,0,0,854417785,150.14597637674916,32.14812939827912,634.6947983340218,498.84808700018345,5.470536900788776,1.383406232740354
6880960309,110568151,0.2332478477390487,0.4083549769866463,0,540.15,330.45,0.1664220329584798,0,0,1096569321,0.250715484797588,0.2880642735361509,0,768.85,570.65,0.2834122210643047,0,0,1096569321,39.74538190001199,147.11463577431613,537.2475215353832,712.8119842555169,1.4344102133914025,5.338356087119371
6880960712,134972564,0.2053060146329314,0.3001257440127508,0,752.55,527.3,0.2503293622933188,0,0,451383711,0.0911223621120485,0.2430814277763144,0,833.2105263157895,725.3684210526316,0.2415222227543677,0,0,451383711,47.03749624546096,280.0399164342919,844.6672987768974,975.194179503724,4.55983572268866,9.340709110827532
6880961402,193053833,0.2240464140720917,0.4182283460851237,0,445.35,348.2,0.1145403439256385,0,0,1061967760,0.1089942619783448,0.4099871385919454,0,479.05263157894734,489.10526315789474,0.2330350872560589,0,0,1061967760,13.332235326849544,464.5597052149172,251.46086105761543,289.4083425863678,1.983655186102236,5.208149152325153
6880963601,1081866553,0.1431182475426708,0.3975169477561553,0,720.2105263157895,567.3157894736842,0.2113460567874353,0,0,290828336,0.2637664289272519,0.640066337468427,0,1058.1,804.65,0.3735150253313469,0,0,290828336,147.96192837249484,89.55907146529312,678.2202506223268,1120.1990185969928,6.367344635546695,4.202027332878719
6880964906,121275148,0.2265994619096689,0.3111289890600348,0,667.0,492.1,0.1770655013046591,0,0,139063655,0.1976237245368928,0.3871655510689657,0,500.65,309.0,0.1004745889005875,0,0,139063655,82.9585734628978,50.59563900777161,603.013141332151,426.738240845976,5.248758872409807,1.363249965162534
6880966015,139010872,0.2099623834347031,0.538089605955907,0,448.9,298.7,0.1232507499988737,0,0,1013386583,0.2887988305287549,0.4847592372540973,0,1238.157894736842,971.0526315789474,0.3285310708832104,0,0,1013386583,61.72561694963173,185.44139172810205,336.19795359408147,873.3433577525977,1.0202534582182152,4.848002339793375
6880967608,138610609,0.181070917548715,0.3287948277027304,0,701.05,534.8,0.2114026902224874,0,0,150842913,0.1273911903625756,0.3342706733911689,0,721.95,542.35,0.2362609515239556,0,0,138610609,94.7060148790325,120.62783376731711,671.9144014062267,668.483535025696,5.858019973781157,5.767310961175424
6880972110,906266932,0.1686422501735446,0.4157416096948255,0,776.45,510.55,0.1570678394800643,0,0,138127330,0.2217301357197585,0.5345153154977694,0,875.05,614.75,0.1902041347687396,0,0,138127330,31.665170271591126,27.352607593500977,485.1003884341582,644.8351483605823,2.808822757373535,2.4276160351530334
6880974509,181134321,0.0545157456922162,0.0,0,112.25,108.0,0.0,0,0,317388321,0.2733793128868859,0.313497745260586,0,714.05,505.65,0.2076874525896595,0,0,317388321,4.361111111111111,103.64454725507846,28.309130862376296,719.8654851518925,0.053475935828877,4.582332410503048
6880977009,851762445,0.2540009126373249,0.2990412767623329,0,541.6,439.7,0.1380302115609262,0,0,134599302,0.2298690124248001,0.1920716250931463,0,337.65,408.1,0.4148496692693212,0,0,134599302,76.13958870019464,134.06251668398016,324.3357967235183,351.202659751883,3.1848644403803545,3.882071060962942
